,gene1,gene2,result
0,G:HGNC:9402,G:HGNC:8591,"Meta path:['GPdPG'], rank is 3 and total rank is 44"
1,G:HGNC:9322,G:HGNC:15566,"Meta path:['GTG'], rank is 49 and total rank is 566"
2,G:HGNC:854,G:HGNC:16832,"Meta path:['GTG', 'GMDpDMG'], rank is 5 and total rank is 11861"
3,G:HGNC:17927,G:HGNC:28407,"Meta path:['GTG'], rank is 15 and total rank is 419"
4,G:HGNC:851,G:HGNC:857,"Meta path:['GDpDG', 'GDpDpDG', 'GTG', 'GMG', 'GMDMG', 'GMDpDMG'], rank is 1 and total rank is 502"
5,G:HGNC:7063,G:HGNC:4638,"Meta path:['GPdPG'], rank is 17 and total rank is 62"
6,G:HGNC:17,G:HGNC:23492,"Meta path:['GTG'], rank is 14 and total rank is 175"
7,G:HGNC:29149,G:HGNC:9303,"Meta path:['GTG'], rank is 25 and total rank is 384"
8,G:HGNC:9038,G:HGNC:27396,"Meta path:['GTG'], rank is 16 and total rank is 364"
9,G:HGNC:16637,G:HGNC:22960,"Meta path:['GTG'], rank is 67 and total rank is 445"
10,G:HGNC:6190,G:HGNC:12434,"Meta path:['GPdPG'], rank is 8 and total rank is 41"
11,G:HGNC:16890,G:HGNC:15566,"Meta path:['GTG'], rank is 28 and total rank is 398"
12,G:HGNC:4123,G:HGNC:4124,"Meta path:['GTG'], rank is 1 and total rank is 375"
13,G:HGNC:10251,G:HGNC:9395,"Meta path:['GTG'], rank is 211 and total rank is 830"
14,G:HGNC:9288,G:HGNC:9306,"Meta path:['GTG'], rank is 29 and total rank is 256"
15,G:HGNC:33437,G:HGNC:4642,"Meta path:['GTG', 'GMG'], rank is 2 and total rank is 1093"
16,G:HGNC:9314,G:HGNC:9316,"Meta path:['GTG'], rank is 10 and total rank is 547"
17,G:HGNC:1470,G:HGNC:1460,"Meta path:['GPdPG'], rank is 4 and total rank is 40"
18,G:HGNC:7715,G:HGNC:7716,"Meta path:['GPdPG'], rank is 1 and total rank is 15"
19,G:HGNC:7460,G:HGNC:7462,"Meta path:['GPdPG'], rank is 1 and total rank is 15"
20,G:HGNC:7455,G:HGNC:7716,"Meta path:['GDG'], rank is 8 and total rank is 12"
21,G:HGNC:815,G:HGNC:13211,"Meta path:['GTG'], rank is 11 and total rank is 455"
22,G:HGNC:9288,G:HGNC:9316,"Meta path:['GTG'], rank is 163 and total rank is 379"
23,G:HGNC:4125,G:HGNC:22946,"Meta path:['GTG'], rank is 16 and total rank is 319"
24,G:HGNC:9306,G:HGNC:9322,"Meta path:['GTG'], rank is 63 and total rank is 530"
25,G:HGNC:9306,G:HGNC:18583,"Meta path:['GTG'], rank is 82 and total rank is 305"
26,G:HGNC:1863,G:HGNC:26459,"Meta path:['GTG'], rank is 7 and total rank is 251"
27,G:HGNC:6512,G:HGNC:17095,"Meta path:['GDpDpDG', 'GPdPG', 'GTG'], rank is 1 and total rank is 1"
28,G:HGNC:16637,G:HGNC:19978,"Meta path:['GTG'], rank is 251 and total rank is 401"
29,G:HGNC:393,G:HGNC:9395,"Meta path:['GTG', 'GMDMG'], rank is 68 and total rank is 14016"
30,G:HGNC:9410,G:HGNC:9416,"Meta path:['GPdPG'], rank is 7 and total rank is 51"
31,G:HGNC:2730,G:HGNC:11809,"Meta path:['GPdPG'], rank is 2 and total rank is 39"
32,G:HGNC:9278,G:HGNC:25415,"Meta path:['GTG'], rank is 11 and total rank is 404"
33,G:HGNC:18133,G:HGNC:9412,"Meta path:['GTG'], rank is 356 and total rank is 814"
34,G:HGNC:6863,G:HGNC:16254,"Meta path:['GPdPG'], rank is 1 and total rank is 27"
35,G:HGNC:391,G:HGNC:16254,"Meta path:['GMG'], rank is 530 and total rank is 818"
36,G:HGNC:8957,G:HGNC:8960,"Meta path:['GTG'], rank is 6 and total rank is 275"
37,G:HGNC:7680,G:HGNC:20779,"Meta path:['GTG'], rank is 3 and total rank is 288"
38,G:HGNC:2285,G:HGNC:2292,"Meta path:['GPdPG'], rank is 1 and total rank is 11"
39,G:HGNC:13480,G:HGNC:6849,"Meta path:['GPdPG'], rank is 1 and total rank is 27"
40,G:HGNC:362,G:HGNC:49151,"Meta path:['GTG'], rank is 24 and total rank is 452"
41,G:HGNC:9402,G:HGNC:9380,"Meta path:['GPdPG'], rank is 41 and total rank is 71"
42,G:HGNC:9288,G:HGNC:9314,"Meta path:['GMG'], rank is 210 and total rank is 501"
43,G:HGNC:14988,G:HGNC:14683,"Meta path:['GTG'], rank is 4 and total rank is 210"
44,G:HGNC:10251,G:HGNC:18133,"Meta path:['GMG'], rank is 13 and total rank is 495"
45,G:HGNC:6190,G:HGNC:3657,"Meta path:['GPdPG'], rank is 8 and total rank is 41"
46,G:HGNC:9157,G:HGNC:24887,"Meta path:['GTG'], rank is 77 and total rank is 242"
47,G:HGNC:7462,G:HGNC:7456,"Meta path:['GPdPG'], rank is 1 and total rank is 15"
48,G:HGNC:29149,G:HGNC:9288,"Meta path:['GTG'], rank is 154 and total rank is 395"
49,G:HGNC:7460,G:HGNC:7456,"Meta path:['GPdPG'], rank is 1 and total rank is 15"
50,G:HGNC:9038,G:HGNC:9039,"Meta path:['GTG'], rank is 40 and total rank is 386"
51,G:HGNC:9288,G:HGNC:28110,"Meta path:['GTG'], rank is 56 and total rank is 283"
52,G:HGNC:3391,G:HGNC:6190,"Meta path:['GPdPG'], rank is 8 and total rank is 41"
53,G:HGNC:11408,G:HGNC:392,"Meta path:['GTG', 'GMDMG', 'GMDpDMG'], rank is 29 and total rank is 15613"
54,G:HGNC:2730,G:HGNC:10481,"Meta path:['GTG'], rank is 113 and total rank is 594"
55,G:HGNC:18485,G:HGNC:26933,"Meta path:['GTG'], rank is 61 and total rank is 334"
56,G:HGNC:3002,G:HGNC:23028,"Meta path:['GTG'], rank is 31 and total rank is 392"
57,G:HGNC:33437,G:HGNC:7063,"Meta path:['GTG'], rank is 105 and total rank is 398"
58,G:HGNC:21328,G:HGNC:7760,"Meta path:['GTG'], rank is 4 and total rank is 318"
59,G:HGNC:2265,G:HGNC:2277,"Meta path:['GTG'], rank is 4 and total rank is 313"
60,G:HGNC:16381,G:HGNC:15566,"Meta path:['GTG'], rank is 18 and total rank is 373"
61,G:HGNC:4123,G:HGNC:21531,"Meta path:['GTG'], rank is 16 and total rank is 321"
62,G:HGNC:9316,G:HGNC:15566,"Meta path:['GTG'], rank is 36 and total rank is 419"
63,G:HGNC:9276,G:HGNC:15566,"Meta path:['GTG'], rank is 15 and total rank is 410"
64,G:HGNC:7455,G:HGNC:7715,"Meta path:['GDG'], rank is 10 and total rank is 13"
65,G:HGNC:9286,G:HGNC:9317,"Meta path:['GTG'], rank is 172 and total rank is 367"
66,G:HGNC:9302,G:HGNC:25415,"Meta path:['GTG'], rank is 136 and total rank is 550"
67,G:HGNC:14269,G:HGNC:19343,"Meta path:['GTG', 'GMDMG'], rank is 3 and total rank is 3303"
68,G:HGNC:7063,G:HGNC:4634,"Meta path:['GPdPG'], rank is 4 and total rank is 19"
69,G:HGNC:4635,G:HGNC:4629,"Meta path:['GPdPG'], rank is 1 and total rank is 12"
70,G:HGNC:4632,G:HGNC:4629,"Meta path:['GPdPG'], rank is 6 and total rank is 19"
71,G:HGNC:7708,G:HGNC:7710,"Meta path:['GPdPG'], rank is 1 and total rank is 15"
72,G:HGNC:15993,G:HGNC:5201,"Meta path:['GTG'], rank is 24 and total rank is 184"
73,G:HGNC:8784,G:HGNC:8786,"Meta path:['GPdPG'], rank is 16 and total rank is 53"
74,G:HGNC:8592,G:HGNC:9380,"Meta path:['GPdPG'], rank is 34 and total rank is 64"
75,G:HGNC:16890,G:HGNC:9317,"Meta path:['GTG'], rank is 114 and total rank is 394"
76,G:HGNC:851,G:HGNC:856,"Meta path:['GTG', 'GMDpDMG'], rank is 1 and total rank is 10229"
77,G:HGNC:2269,G:HGNC:2277,"Meta path:['GTG'], rank is 15 and total rank is 253"
78,G:HGNC:9304,G:HGNC:9318,"Meta path:['GTG'], rank is 122 and total rank is 358"
79,G:HGNC:3391,G:HGNC:10481,"Meta path:['GTG'], rank is 18 and total rank is 568"
80,G:HGNC:9029,G:HGNC:27396,"Meta path:['GTG'], rank is 17 and total rank is 330"
81,G:HGNC:15993,G:HGNC:19650,"Meta path:['GTG'], rank is 4 and total rank is 224"
82,G:HGNC:437,G:HGNC:438,"Meta path:['GTG'], rank is 10 and total rank is 387"
83,G:HGNC:29831,G:HGNC:26404,"Meta path:['GTG'], rank is 2 and total rank is 303"
84,G:HGNC:7455,G:HGNC:7459,"Meta path:['GDG', 'GDpDG', 'GTG'], rank is 1 and total rank is 66"
85,G:HGNC:9157,G:HGNC:18590,"Meta path:['GTG'], rank is 154 and total rank is 304"
86,G:HGNC:2460,G:HGNC:9412,"Meta path:['GTG'], rank is 231 and total rank is 809"
87,G:HGNC:9410,G:HGNC:11399,"Meta path:['GPdPG'], rank is 7 and total rank is 51"
88,G:HGNC:11779,G:HGNC:11778,"Meta path:['GPdPG'], rank is 5 and total rank is 15"
89,G:HGNC:18133,G:HGNC:2933,"Meta path:['GTG'], rank is 117 and total rank is 544"
90,G:HGNC:8794,G:HGNC:8779,"Meta path:['GPdPG'], rank is 6 and total rank is 28"
91,G:HGNC:19875,G:HGNC:19877,"Meta path:['GTG'], rank is 8 and total rank is 244"
92,G:HGNC:28110,G:HGNC:9305,"Meta path:['GTG'], rank is 46 and total rank is 338"
93,G:HGNC:476,G:HGNC:30502,"Meta path:['GMG'], rank is 1 and total rank is 137"
94,G:HGNC:10481,G:HGNC:3657,"Meta path:['GTG'], rank is 193 and total rank is 591"
95,G:HGNC:393,G:HGNC:11842,"Meta path:['GTG'], rank is 34 and total rank is 526"
96,G:HGNC:4635,G:HGNC:7064,"Meta path:['GPdPG'], rank is 1 and total rank is 12"
97,G:HGNC:22140,G:HGNC:9410,"Meta path:['GTG'], rank is 217 and total rank is 513"
98,G:HGNC:6190,G:HGNC:6524,"Meta path:['GPdPG'], rank is 34 and total rank is 56"
99,G:HGNC:30802,G:HGNC:23492,"Meta path:['GTG'], rank is 170 and total rank is 374"
100,G:HGNC:9416,G:HGNC:392,"Meta path:['GTG'], rank is 141 and total rank is 565"
101,G:HGNC:1133,G:HGNC:3657,"Meta path:['GPdPG'], rank is 8 and total rank is 42"
102,G:HGNC:11455,G:HGNC:30004,"Meta path:['GTG'], rank is 13 and total rank is 264"
103,G:HGNC:30167,G:HGNC:24811,"Meta path:['GTG'], rank is 7 and total rank is 355"
104,G:HGNC:16890,G:HGNC:9319,"Meta path:['GTG'], rank is 31 and total rank is 401"
105,G:HGNC:23242,G:HGNC:4126,"Meta path:['GTG'], rank is 5 and total rank is 266"
106,G:HGNC:8931,G:HGNC:8930,"Meta path:['GTG'], rank is 1 and total rank is 378"
107,G:HGNC:7462,G:HGNC:7707,"Meta path:['GPdPG'], rank is 1 and total rank is 15"
108,G:HGNC:25891,G:HGNC:22960,"Meta path:['GMDMG'], rank is 1 and total rank is 2020"
109,G:HGNC:13538,G:HGNC:9412,"Meta path:['GTG'], rank is 162 and total rank is 784"
110,G:HGNC:255,G:HGNC:256,"Meta path:['GMG'], rank is 1 and total rank is 137"
111,G:HGNC:2288,G:HGNC:2267,"Meta path:['GTG'], rank is 28 and total rank is 210"
112,G:HGNC:30488,G:HGNC:19877,"Meta path:['GTG'], rank is 6 and total rank is 234"
113,G:HGNC:4635,G:HGNC:4634,"Meta path:['GPdPG', 'GTG', 'GMG'], rank is 1 and total rank is 8"
114,G:HGNC:7455,G:HGNC:7717,"Meta path:['GDG'], rank is 8 and total rank is 12"
115,G:HGNC:4125,G:HGNC:30488,"Meta path:['GTG'], rank is 25 and total rank is 321"
116,G:HGNC:24550,G:HGNC:17843,"Meta path:['GMDMG'], rank is 2760 and total rank is 3498"
117,G:HGNC:8592,G:HGNC:9410,"Meta path:['GPdPG'], rank is 7 and total rank is 51"
118,G:HGNC:2328,G:HGNC:2329,"Meta path:['GTG'], rank is 9 and total rank is 306"
119,G:HGNC:12513,G:HGNC:13485,"Meta path:['GTG'], rank is 61 and total rank is 492"
120,G:HGNC:9314,G:HGNC:9281,"Meta path:['GTG'], rank is 63 and total rank is 631"
121,G:HGNC:4014,G:HGNC:4017,"Meta path:['GTG'], rank is 4 and total rank is 269"
122,G:HGNC:28526,G:HGNC:8127,"Meta path:['GTG'], rank is 231 and total rank is 472"
123,G:HGNC:393,G:HGNC:9416,"Meta path:['GTG'], rank is 84 and total rank is 506"
124,G:HGNC:817,G:HGNC:812,"Meta path:['GTG', 'GMDMG'], rank is 10 and total rank is 13917"
125,G:HGNC:4236,G:HGNC:30249,"Meta path:['GTG', 'GMG'], rank is 8 and total rank is 2631"
126,G:HGNC:23242,G:HGNC:19877,"Meta path:['GTG'], rank is 4 and total rank is 233"
127,G:HGNC:10251,G:HGNC:16254,"Meta path:['GTG'], rank is 282 and total rank is 738"
128,G:HGNC:4131,G:HGNC:4124,"Meta path:['GTG'], rank is 20 and total rank is 355"
129,G:HGNC:5194,G:HGNC:5198,"Meta path:['GTG'], rank is 7 and total rank is 148"
130,G:HGNC:9278,G:HGNC:9287,"Meta path:['GTG'], rank is 128 and total rank is 472"
131,G:HGNC:24948,G:HGNC:14129,"Meta path:['GTG'], rank is 78 and total rank is 463"
132,G:HGNC:4125,G:HGNC:4130,"Meta path:['GTG'], rank is 18 and total rank is 326"
133,G:HGNC:4123,G:HGNC:22946,"Meta path:['GTG'], rank is 14 and total rank is 316"
134,G:HGNC:9314,G:HGNC:9275,"Meta path:['GTG'], rank is 99 and total rank is 579"
135,G:HGNC:20567,G:HGNC:7852,"Meta path:['GTG', 'GMDMG'], rank is 1 and total rank is 9978"
136,G:HGNC:29149,G:HGNC:9287,"Meta path:['GTG'], rank is 77 and total rank is 463"
137,G:HGNC:13345,G:HGNC:14450,"Meta path:['GTG'], rank is 2 and total rank is 407"
138,G:HGNC:22316,G:HGNC:17726,"Meta path:['GTG'], rank is 67 and total rank is 371"
139,G:HGNC:2460,G:HGNC:8591,"Meta path:['GTG'], rank is 186 and total rank is 695"
140,G:HGNC:4127,G:HGNC:21531,"Meta path:['GTG'], rank is 3 and total rank is 243"
141,G:HGNC:5209,G:HGNC:29834,"Meta path:['GTG'], rank is 55 and total rank is 192"
142,G:HGNC:17862,G:HGNC:23116,"Meta path:['GTG'], rank is 81 and total rank is 475"
143,G:HGNC:9029,G:HGNC:18555,"Meta path:['GTG'], rank is 22 and total rank is 294"
144,G:HGNC:8590,G:HGNC:9412,"Meta path:['GTG'], rank is 65 and total rank is 839"
145,G:HGNC:9611,G:HGNC:11809,"Meta path:['GPdPG'], rank is 4 and total rank is 40"
146,G:HGNC:9065,G:HGNC:19218,"Meta path:['GTG'], rank is 118 and total rank is 531"
147,G:HGNC:799,G:HGNC:801,"Meta path:['GDpDG', 'GDpDpDG', 'GPdPG', 'GTG', 'GMG'], rank is 1 and total rank is 1"
148,G:HGNC:3391,G:HGNC:2444,"Meta path:['GPdPG'], rank is 6 and total rank is 46"
149,G:HGNC:22140,G:HGNC:6849,"Meta path:['GTG'], rank is 226 and total rank is 460"
150,G:HGNC:18367,G:HGNC:18368,"Meta path:['GTG'], rank is 2 and total rank is 454"
151,G:HGNC:6076,G:HGNC:33882,"Meta path:['GTG', 'GMG'], rank is 5 and total rank is 1776"
152,G:HGNC:7460,G:HGNC:7717,"Meta path:['GPdPG'], rank is 1 and total rank is 15"
153,G:HGNC:4641,G:HGNC:4642,"Meta path:['GTG'], rank is 10 and total rank is 291"
154,G:HGNC:3386,G:HGNC:11809,"Meta path:['GPdPG'], rank is 7 and total rank is 46"
155,G:HGNC:7708,G:HGNC:7459,"Meta path:['GPdPG'], rank is 1 and total rank is 15"
156,G:HGNC:7458,G:HGNC:7717,"Meta path:['GPdPG'], rank is 1 and total rank is 15"
157,G:HGNC:4637,G:HGNC:33437,"Meta path:['GTG'], rank is 10 and total rank is 300"
158,G:HGNC:2288,G:HGNC:2287,"Meta path:['GTG'], rank is 2 and total rank is 165"
159,G:HGNC:3284,G:HGNC:15997,"Meta path:['GTG'], rank is 112 and total rank is 377"
160,G:HGNC:10481,G:HGNC:8031,"Meta path:['GTG'], rank is 66 and total rank is 764"
161,G:HGNC:1459,G:HGNC:13415,"Meta path:['GTG'], rank is 18 and total rank is 482"
162,G:HGNC:16890,G:HGNC:9286,"Meta path:['GTG'], rank is 104 and total rank is 314"
163,G:HGNC:18080,G:HGNC:23317,"Meta path:['GTG'], rank is 2 and total rank is 206"
164,G:HGNC:9304,G:HGNC:9305,"Meta path:['GTG'], rank is 5 and total rank is 376"
165,G:HGNC:393,G:HGNC:8590,"Meta path:['GTG', 'GMG', 'GMDMG', 'GMDpDMG'], rank is 187 and total rank is 7676"
166,G:HGNC:9611,G:HGNC:12434,"Meta path:['GPdPG'], rank is 4 and total rank is 40"
167,G:HGNC:4260,G:HGNC:4251,"Meta path:['GTG'], rank is 7 and total rank is 283"
168,G:HGNC:12434,G:HGNC:2731,"Meta path:['GPdPG'], rank is 3 and total rank is 41"
169,G:HGNC:9276,G:HGNC:9303,"Meta path:['GTG'], rank is 58 and total rank is 380"
170,G:HGNC:813,G:HGNC:816,"Meta path:['GTG'], rank is 10 and total rank is 403"
171,G:HGNC:21531,G:HGNC:4126,"Meta path:['GTG'], rank is 12 and total rank is 263"
172,G:HGNC:9318,G:HGNC:9307,"Meta path:['GTG'], rank is 12 and total rank is 235"
173,G:HGNC:6863,G:HGNC:9407,"Meta path:['GPdPG'], rank is 1 and total rank is 27"
174,G:HGNC:9302,G:HGNC:9316,"Meta path:['GTG'], rank is 75 and total rank is 554"
175,G:HGNC:29149,G:HGNC:9319,"Meta path:['GTG', 'GMDMG'], rank is 6 and total rank is 12761"
176,G:HGNC:391,G:HGNC:11842,"Meta path:['GDpDpDG', 'GTG'], rank is 98 and total rank is 5137"
177,G:HGNC:14897,G:HGNC:6179,"Meta path:['GTG'], rank is 4 and total rank is 394"
178,G:HGNC:13538,G:HGNC:1985,"Meta path:['GPdPG'], rank is 1 and total rank is 27"
179,G:HGNC:4922,G:HGNC:4923,"Meta path:['GTG', 'GMDMG'], rank is 2 and total rank is 10334"
180,G:HGNC:23242,G:HGNC:19873,"Meta path:['GTG'], rank is 6 and total rank is 239"
181,G:HGNC:4125,G:HGNC:4126,"Meta path:['GTG'], rank is 1 and total rank is 331"
182,G:HGNC:1377,G:HGNC:1373,"Meta path:['GPdPG', 'GTG'], rank is 22 and total rank is 96"
183,G:HGNC:8787,G:HGNC:8794,"Meta path:['GPdPG'], rank is 1 and total rank is 18"
184,G:HGNC:9302,G:HGNC:9315,"Meta path:['GTG'], rank is 153 and total rank is 579"
185,G:HGNC:3763,G:HGNC:11809,"Meta path:['GPdPG'], rank is 30 and total rank is 62"
186,G:HGNC:8754,G:HGNC:8755,"Meta path:['GPdPG'], rank is 1 and total rank is 5"
187,G:HGNC:19139,G:HGNC:24137,"Meta path:['GTG'], rank is 47 and total rank is 226"
188,G:HGNC:4627,G:HGNC:4636,"Meta path:['GPdPG'], rank is 7 and total rank is 22"
189,G:HGNC:13312,G:HGNC:23064,"Meta path:['GPdPG'], rank is 1 and total rank is 12"
190,G:HGNC:2279,G:HGNC:2288,"Meta path:['GTG'], rank is 21 and total rank is 95"
191,G:HGNC:4131,G:HGNC:19877,"Meta path:['GTG'], rank is 3 and total rank is 234"
192,G:HGNC:8592,G:HGNC:1985,"Meta path:['GPdPG'], rank is 1 and total rank is 27"
193,G:HGNC:409,G:HGNC:411,"Meta path:['GPdPG'], rank is 4 and total rank is 17"
194,G:HGNC:30040,G:HGNC:17825,"Meta path:['GTG'], rank is 18 and total rank is 424"
195,G:HGNC:29149,G:HGNC:9302,"Meta path:['GMDMG'], rank is 2 and total rank is 4246"
196,G:HGNC:6863,G:HGNC:6874,"Meta path:['GTG'], rank is 117 and total rank is 563"
197,G:HGNC:8794,G:HGNC:8793,"Meta path:['GPdPG'], rank is 3 and total rank is 26"
198,G:HGNC:2730,G:HGNC:3386,"Meta path:['GPdPG'], rank is 7 and total rank is 43"
199,G:HGNC:8956,G:HGNC:33882,"Meta path:['GTG', 'GMG'], rank is 1 and total rank is 1499"
200,G:HGNC:9286,G:HGNC:9299,"Meta path:['GTG'], rank is 402 and total rank is 494"
201,G:HGNC:3391,G:HGNC:8031,"Meta path:['GPdPG'], rank is 11 and total rank is 67"
202,G:HGNC:3606,G:HGNC:3607,"Meta path:['GTG'], rank is 1 and total rank is 470"
203,G:HGNC:2460,G:HGNC:9381,"Meta path:['GTG'], rank is 137 and total rank is 617"
204,G:HGNC:9276,G:HGNC:30695,"Meta path:['GTG'], rank is 149 and total rank is 353"
205,G:HGNC:4635,G:HGNC:4637,"Meta path:['GPdPG'], rank is 1 and total rank is 12"
206,G:HGNC:9286,G:HGNC:9314,"Meta path:['GTG'], rank is 313 and total rank is 505"
207,G:HGNC:8592,G:HGNC:392,"Meta path:['GTG'], rank is 198 and total rank is 636"
208,G:HGNC:4637,G:HGNC:7063,"Meta path:['GPdPG'], rank is 1 and total rank is 12"
209,G:HGNC:857,G:HGNC:853,"Meta path:['GTG'], rank is 20 and total rank is 434"
210,G:HGNC:122,G:HGNC:125,"Meta path:['GTG'], rank is 90 and total rank is 444"
211,G:HGNC:2730,G:HGNC:9611,"Meta path:['GPdPG'], rank is 5 and total rank is 39"
212,G:HGNC:7708,G:HGNC:7716,"Meta path:['GDG'], rank is 1 and total rank is 5"
213,G:HGNC:9286,G:HGNC:9319,"Meta path:['GTG'], rank is 163 and total rank is 378"
214,G:HGNC:4127,G:HGNC:30488,"Meta path:['GTG'], rank is 2 and total rank is 239"
215,G:HGNC:33437,G:HGNC:4634,"Meta path:['GTG'], rank is 30 and total rank is 422"
216,G:HGNC:9407,G:HGNC:30045,"Meta path:['GTG'], rank is 183 and total rank is 714"
217,G:HGNC:28883,G:HGNC:9226,"Meta path:['GTG'], rank is 1 and total rank is 250"
218,G:HGNC:9381,G:HGNC:13480,"Meta path:['GPdPG'], rank is 2 and total rank is 38"
219,G:HGNC:19139,G:HGNC:16099,"Meta path:['GTG'], rank is 10 and total rank is 232"
220,G:HGNC:3763,G:HGNC:3955,"Meta path:['GPdPG'], rank is 24 and total rank is 64"
221,G:HGNC:9229,G:HGNC:14450,"Meta path:['GTG'], rank is 111 and total rank is 382"
222,G:HGNC:22140,G:HGNC:9395,"Meta path:['GTG'], rank is 215 and total rank is 638"
223,G:HGNC:9061,G:HGNC:29037,"Meta path:['GTG'], rank is 12 and total rank is 317"
224,G:HGNC:24791,G:HGNC:9029,"Meta path:['GTG'], rank is 19 and total rank is 317"
225,G:HGNC:19875,G:HGNC:4130,"Meta path:['GTG'], rank is 9 and total rank is 255"
226,G:HGNC:7458,G:HGNC:7716,"Meta path:['GPdPG'], rank is 1 and total rank is 15"
227,G:HGNC:9276,G:HGNC:9304,"Meta path:['GTG'], rank is 52 and total rank is 401"
228,G:HGNC:24948,G:HGNC:9350,"Meta path:['GTG'], rank is 175 and total rank is 465"
229,G:HGNC:7873,G:HGNC:7876,"Meta path:['GPdPG', 'GMDMG'], rank is 1 and total rank is 55"
230,G:HGNC:1470,G:HGNC:1469,"Meta path:['GPdPG'], rank is 1 and total rank is 27"
231,G:HGNC:7455,G:HGNC:7458,"Meta path:['GDpDpDG', 'GTG'], rank is 5 and total rank is 4735"
232,G:HGNC:9639,G:HGNC:24175,"Meta path:['GTG'], rank is 5 and total rank is 385"
233,G:HGNC:17927,G:HGNC:20944,"Meta path:['GTG'], rank is 9 and total rank is 422"
234,G:HGNC:5201,G:HGNC:6938,"Meta path:['GTG'], rank is 67 and total rank is 214"
235,G:HGNC:6833,G:HGNC:6834,"Meta path:['GPdPG'], rank is 1 and total rank is 75"
236,G:HGNC:28110,G:HGNC:9287,"Meta path:['GTG'], rank is 150 and total rank is 443"
237,G:HGNC:9031,G:HGNC:17934,"Meta path:['GTG'], rank is 12 and total rank is 410"
238,G:HGNC:22140,G:HGNC:1985,"Meta path:['GTG'], rank is 227 and total rank is 535"
239,G:HGNC:9381,G:HGNC:9410,"Meta path:['GPdPG'], rank is 2 and total rank is 53"
240,G:HGNC:393,G:HGNC:9402,"Meta path:['GTG'], rank is 120 and total rank is 603"
241,G:HGNC:4627,G:HGNC:19662,"Meta path:['GPdPG'], rank is 2 and total rank is 18"
242,G:HGNC:8590,G:HGNC:392,"Meta path:['GTG', 'GMDpDMG'], rank is 19 and total rank is 13439"
243,G:HGNC:391,G:HGNC:393,"Meta path:['GDpDG'], rank is 177 and total rank is 307"
244,G:HGNC:9229,G:HGNC:9228,"Meta path:['GTG'], rank is 3 and total rank is 378"
245,G:HGNC:22140,G:HGNC:8592,"Meta path:['GDpDG', 'GTG', 'GMDpDMG'], rank is 52 and total rank is 1002"
246,G:HGNC:13480,G:HGNC:392,"Meta path:['GTG'], rank is 157 and total rank is 585"
247,G:HGNC:3655,G:HGNC:2444,"Meta path:['GPdPG'], rank is 6 and total rank is 46"
248,G:HGNC:14269,G:HGNC:23364,"Meta path:['GTG'], rank is 11 and total rank is 282"
249,G:HGNC:13534,G:HGNC:13535,"Meta path:['GTG'], rank is 1 and total rank is 326"
250,G:HGNC:30488,G:HGNC:4124,"Meta path:['GTG'], rank is 24 and total rank is 352"
251,G:HGNC:6190,G:HGNC:3955,"Meta path:['GPdPG'], rank is 15 and total rank is 47"
252,G:HGNC:13480,G:HGNC:11399,"Meta path:['GPdPG'], rank is 1 and total rank is 27"
253,G:HGNC:2312,G:HGNC:2313,"Meta path:['GPdPG'], rank is 1 and total rank is 21"
254,G:HGNC:439,G:HGNC:438,"Meta path:['GTG'], rank is 18 and total rank is 401"
255,G:HGNC:28110,G:HGNC:25415,"Meta path:['GTG'], rank is 17 and total rank is 295"
256,G:HGNC:9316,G:HGNC:28110,"Meta path:['GTG'], rank is 70 and total rank is 378"
257,G:HGNC:9870,G:HGNC:21406,"Meta path:['GDpDpDG', 'GTG', 'GMDMG', 'GMDpDMG'], rank is 6 and total rank is 2188"
258,G:HGNC:24293,G:HGNC:17198,"Meta path:['GTG'], rank is 3 and total rank is 257"
259,G:HGNC:12434,G:HGNC:2444,"Meta path:['GPdPG'], rank is 6 and total rank is 46"
260,G:HGNC:8590,G:HGNC:30045,"Meta path:['GTG'], rank is 210 and total rank is 818"
261,G:HGNC:921,G:HGNC:922,"Meta path:['GTG'], rank is 1 and total rank is 252"
262,G:HGNC:13538,G:HGNC:8592,"Meta path:['GPdPG'], rank is 1 and total rank is 27"
263,G:HGNC:4632,G:HGNC:4641,"Meta path:['GPdPG'], rank is 6 and total rank is 19"
264,G:HGNC:8590,G:HGNC:11399,"Meta path:['GPdPG'], rank is 1 and total rank is 27"
265,G:HGNC:9416,G:HGNC:1985,"Meta path:['GPdPG'], rank is 1 and total rank is 27"
266,G:HGNC:9322,G:HGNC:25415,"Meta path:['GTG'], rank is 125 and total rank is 536"
267,G:HGNC:3002,G:HGNC:23029,"Meta path:['GTG'], rank is 21 and total rank is 422"
268,G:HGNC:29149,G:HGNC:9322,"Meta path:['GTG'], rank is 67 and total rank is 551"
269,G:HGNC:16890,G:HGNC:9276,"Meta path:['GTG'], rank is 67 and total rank is 386"
270,G:HGNC:29037,G:HGNC:29185,"Meta path:['GTG'], rank is 1 and total rank is 328"
271,G:HGNC:17843,G:HGNC:16352,"Meta path:['GTG'], rank is 206 and total rank is 391"
272,G:HGNC:17,G:HGNC:9157,"Meta path:['GTG'], rank is 41 and total rank is 233"
273,G:HGNC:1118,G:HGNC:1667,"Meta path:['GTG'], rank is 1 and total rank is 447"
274,G:HGNC:20785,G:HGNC:9316,"Meta path:['GTG'], rank is 133 and total rank is 343"
275,G:HGNC:10251,G:HGNC:2933,"Meta path:['GTG', 'GMDpDMG'], rank is 137 and total rank is 10785"
276,G:HGNC:18133,G:HGNC:30045,"Meta path:['GTG'], rank is 65 and total rank is 568"
277,G:HGNC:8590,G:HGNC:9410,"Meta path:['GPdPG'], rank is 7 and total rank is 51"
278,G:HGNC:4878,G:HGNC:4879,"Meta path:['GTG'], rank is 1 and total rank is 438"
279,G:HGNC:2678,G:HGNC:25538,"Meta path:['GDpDG', 'GDpDpDG', 'GPdPG', 'GTG'], rank is 1 and total rank is 8"
280,G:HGNC:9314,G:HGNC:9319,"Meta path:['GTG'], rank is 129 and total rank is 568"
281,G:HGNC:10251,G:HGNC:11399,"Meta path:['GTG'], rank is 323 and total rank is 741"
282,G:HGNC:14585,G:HGNC:1463,"Meta path:['GPdPG'], rank is 6 and total rank is 42"
283,G:HGNC:4131,G:HGNC:19875,"Meta path:['GTG'], rank is 11 and total rank is 246"
284,G:HGNC:16381,G:HGNC:9306,"Meta path:['GTG'], rank is 77 and total rank is 266"
285,G:HGNC:6190,G:HGNC:8031,"Meta path:['GPdPG'], rank is 20 and total rank is 63"
286,G:HGNC:2460,G:HGNC:6849,"Meta path:['GTG'], rank is 271 and total rank is 609"
287,G:HGNC:22140,G:HGNC:10251,"Meta path:['GTG'], rank is 395 and total rank is 726"
288,G:HGNC:10251,G:HGNC:9403,"Meta path:['GTG'], rank is 157 and total rank is 835"
289,G:HGNC:9316,G:HGNC:9305,"Meta path:['GTG'], rank is 55 and total rank is 390"
290,G:HGNC:8646,G:HGNC:24474,"Meta path:['GTG'], rank is 1 and total rank is 402"
291,G:HGNC:9318,G:HGNC:25415,"Meta path:['GTG'], rank is 52 and total rank is 270"
292,G:HGNC:2460,G:HGNC:2933,"Meta path:['GTG'], rank is 210 and total rank is 617"
293,G:HGNC:20785,G:HGNC:9306,"Meta path:['GTG'], rank is 44 and total rank is 234"
294,G:HGNC:13538,G:HGNC:9395,"Meta path:['GTG'], rank is 168 and total rank is 666"
295,G:HGNC:9276,G:HGNC:9319,"Meta path:['GTG'], rank is 25 and total rank is 407"
296,G:HGNC:30040,G:HGNC:9029,"Meta path:['GTG'], rank is 7 and total rank is 350"
297,G:HGNC:4250,G:HGNC:4251,"Meta path:['GTG'], rank is 3 and total rank is 384"
298,G:HGNC:549,G:HGNC:550,"Meta path:['GTG'], rank is 1 and total rank is 439"
299,G:HGNC:11503,G:HGNC:8108,"Meta path:['GTG'], rank is 54 and total rank is 509"
300,G:HGNC:28569,G:HGNC:30541,"Meta path:['GTG'], rank is 78 and total rank is 257"
301,G:HGNC:811,G:HGNC:817,"Meta path:['GTG'], rank is 71 and total rank is 549"
302,G:HGNC:22140,G:HGNC:2933,"Meta path:['GTG'], rank is 104 and total rank is 468"
303,G:HGNC:24791,G:HGNC:9038,"Meta path:['GTG'], rank is 17 and total rank is 349"
304,G:HGNC:9410,G:HGNC:9380,"Meta path:['GPdPG'], rank is 21 and total rank is 75"
305,G:HGNC:3763,G:HGNC:6524,"Meta path:['GPdPG'], rank is 29 and total rank is 70"
306,G:HGNC:33437,G:HGNC:4629,"Meta path:['GTG'], rank is 11 and total rank is 332"
307,G:HGNC:251,G:HGNC:250,"Meta path:['GTG'], rank is 1 and total rank is 286"
308,G:HGNC:9407,G:HGNC:9395,"Meta path:['GTG'], rank is 24 and total rank is 713"
309,G:HGNC:7462,G:HGNC:7710,"Meta path:['GPdPG'], rank is 1 and total rank is 15"
310,G:HGNC:6535,G:HGNC:6544,"Meta path:['GPdPG'], rank is 12 and total rank is 50"
311,G:HGNC:49151,G:HGNC:363,"Meta path:['GTG'], rank is 46 and total rank is 494"
312,G:HGNC:1459,G:HGNC:19341,"Meta path:['GPdPG'], rank is 2 and total rank is 37"
313,G:HGNC:20567,G:HGNC:20461,"Meta path:['GTG'], rank is 4 and total rank is 336"
314,G:HGNC:21144,G:HGNC:18144,"Meta path:['GTG'], rank is 3 and total rank is 272"
315,G:HGNC:9276,G:HGNC:9286,"Meta path:['GTG'], rank is 155 and total rank is 362"
316,G:HGNC:29037,G:HGNC:17175,"Meta path:['GTG'], rank is 21 and total rank is 415"
317,G:HGNC:13533,G:HGNC:13540,"Meta path:['GTG'], rank is 18 and total rank is 379"
318,G:HGNC:16381,G:HGNC:9303,"Meta path:['GTG'], rank is 28 and total rank is 303"
319,G:HGNC:855,G:HGNC:856,"Meta path:['GTG'], rank is 17 and total rank is 461"
320,G:HGNC:6524,G:HGNC:3657,"Meta path:['GPdPG'], rank is 27 and total rank is 57"
321,G:HGNC:10481,G:HGNC:9618,"Meta path:['GTG', 'GMG', 'GMDMG'], rank is 16 and total rank is 5407"
322,G:HGNC:9402,G:HGNC:30045,"Meta path:['GTG'], rank is 123 and total rank is 617"
323,G:HGNC:16890,G:HGNC:9318,"Meta path:['GTG'], rank is 78 and total rank is 328"
324,G:HGNC:6190,G:HGNC:2444,"Meta path:['GPdPG'], rank is 15 and total rank is 48"
325,G:HGNC:7460,G:HGNC:7461,"Meta path:['GPdPG'], rank is 2 and total rank is 24"
326,G:HGNC:1133,G:HGNC:6190,"Meta path:['GPdPG'], rank is 15 and total rank is 39"
327,G:HGNC:9204,G:HGNC:9205,"Meta path:['GTG'], rank is 9 and total rank is 355"
328,G:HGNC:6524,G:HGNC:3955,"Meta path:['GTG'], rank is 15 and total rank is 610"
329,G:HGNC:8787,G:HGNC:8786,"Meta path:['GPdPG'], rank is 1 and total rank is 18"
330,G:HGNC:4627,G:HGNC:16906,"Meta path:['GPdPG'], rank is 2 and total rank is 13"
331,G:HGNC:1459,G:HGNC:1461,"Meta path:['GPdPG'], rank is 2 and total rank is 37"
332,G:HGNC:4641,G:HGNC:4634,"Meta path:['GPdPG'], rank is 4 and total rank is 19"
333,G:HGNC:8592,G:HGNC:13480,"Meta path:['GPdPG'], rank is 1 and total rank is 27"
334,G:HGNC:16381,G:HGNC:25415,"Meta path:['GTG'], rank is 12 and total rank is 266"
335,G:HGNC:19342,G:HGNC:23317,"Meta path:['GTG'], rank is 19 and total rank is 177"
336,G:HGNC:21531,G:HGNC:23233,"Meta path:['GTG'], rank is 6 and total rank is 207"
337,G:HGNC:9410,G:HGNC:10251,"Meta path:['GTG'], rank is 202 and total rank is 752"
338,G:HGNC:3391,G:HGNC:3955,"Meta path:['GPdPG'], rank is 6 and total rank is 43"
339,G:HGNC:28157,G:HGNC:27168,"Meta path:['GTG'], rank is 5 and total rank is 224"
340,G:HGNC:17819,G:HGNC:17820,"Meta path:['GTG'], rank is 4 and total rank is 282"
341,G:HGNC:30040,G:HGNC:9036,"Meta path:['GTG'], rank is 15 and total rank is 364"
342,G:HGNC:4925,G:HGNC:4923,"Meta path:['GTG'], rank is 4 and total rank is 434"
343,G:HGNC:2279,G:HGNC:2280,"Meta path:['GPdPG'], rank is 1 and total rank is 11"
344,G:HGNC:11455,G:HGNC:11454,"Meta path:['GTG'], rank is 7 and total rank is 278"
345,G:HGNC:3391,G:HGNC:12434,"Meta path:['GPdPG'], rank is 1 and total rank is 27"
346,G:HGNC:8784,G:HGNC:8793,"Meta path:['GPdPG'], rank is 12 and total rank is 55"
347,G:HGNC:21474,G:HGNC:11504,"Meta path:['GTG', 'GMDMG'], rank is 1 and total rank is 4848"
348,G:HGNC:16381,G:HGNC:9315,"Meta path:['GTG'], rank is 303 and total rank is 498"
349,G:HGNC:13480,G:HGNC:9412,"Meta path:['GTG'], rank is 251 and total rank is 748"
350,G:HGNC:9031,G:HGNC:24791,"Meta path:['GTG'], rank is 20 and total rank is 408"
351,G:HGNC:362,G:HGNC:33814,"Meta path:['GTG'], rank is 95 and total rank is 362"
352,G:HGNC:14180,G:HGNC:30167,"Meta path:['GTG'], rank is 1 and total rank is 348"
353,G:HGNC:813,G:HGNC:812,"Meta path:['GTG'], rank is 9 and total rank is 500"
354,G:HGNC:2972,G:HGNC:2973,"Meta path:['GMG'], rank is 77 and total rank is 394"
355,G:HGNC:9288,G:HGNC:9304,"Meta path:['GMDMG', 'GMDpDMG'], rank is 56 and total rank is 13172"
356,G:HGNC:8592,G:HGNC:9416,"Meta path:['GPdPG'], rank is 1 and total rank is 27"
357,G:HGNC:19662,G:HGNC:4641,"Meta path:['GPdPG'], rank is 1 and total rank is 12"
358,G:HGNC:9611,G:HGNC:3657,"Meta path:['GPdPG'], rank is 4 and total rank is 40"
359,G:HGNC:2285,G:HGNC:2277,"Meta path:['GTG'], rank is 5 and total rank is 206"
360,G:HGNC:13536,G:HGNC:13552,"Meta path:['GTG'], rank is 7 and total rank is 435"
361,G:HGNC:2460,G:HGNC:9403,"Meta path:['GTG'], rank is 105 and total rank is 653"
362,G:HGNC:9299,G:HGNC:18583,"Meta path:['GTG'], rank is 121 and total rank is 518"
363,G:HGNC:19662,G:HGNC:16906,"Meta path:['GPdPG'], rank is 2 and total rank is 17"
364,G:HGNC:9302,G:HGNC:18583,"Meta path:['GTG'], rank is 83 and total rank is 549"
365,G:HGNC:29037,G:HGNC:19218,"Meta path:['GTG'], rank is 27 and total rank is 371"
366,G:HGNC:7448,G:HGNC:7450,"Meta path:['GTG'], rank is 14 and total rank is 535"
367,G:HGNC:2294,G:HGNC:2292,"Meta path:['GPdPG'], rank is 1 and total rank is 11"
368,G:HGNC:226,G:HGNC:227,"Meta path:['GTG'], rank is 4 and total rank is 519"
369,G:HGNC:12576,G:HGNC:23061,"Meta path:['GTG'], rank is 1 and total rank is 279"
370,G:HGNC:9038,G:HGNC:18555,"Meta path:['GTG'], rank is 25 and total rank is 330"
371,G:HGNC:5200,G:HGNC:5195,"Meta path:['GTG'], rank is 5 and total rank is 167"
372,G:HGNC:9611,G:HGNC:8031,"Meta path:['GPdPG'], rank is 14 and total rank is 65"
373,G:HGNC:8885,G:HGNC:8887,"Meta path:['GTG'], rank is 1 and total rank is 154"
374,G:HGNC:7759,G:HGNC:7760,"Meta path:['GTG'], rank is 2 and total rank is 347"
375,G:HGNC:9304,G:HGNC:30695,"Meta path:['GTG'], rank is 72 and total rank is 341"
376,G:HGNC:1970,G:HGNC:6938,"Meta path:['GTG', 'GMG'], rank is 1 and total rank is 1372"
377,G:HGNC:9276,G:HGNC:9306,"Meta path:['GMDpDMG'], rank is 12 and total rank is 3427"
378,G:HGNC:30488,G:HGNC:19873,"Meta path:['GTG'], rank is 4 and total rank is 208"
379,G:HGNC:4131,G:HGNC:23233,"Meta path:['GTG'], rank is 8 and total rank is 205"
380,G:HGNC:11298,G:HGNC:12761,"Meta path:['GPdPG'], rank is 8 and total rank is 39"
381,G:HGNC:9304,G:HGNC:9287,"Meta path:['GTG'], rank is 52 and total rank is 453"
382,G:HGNC:6524,G:HGNC:6193,"Meta path:['GDpDG', 'GPdPG', 'GTG', 'GMG'], rank is 1 and total rank is 6"
383,G:HGNC:13994,G:HGNC:9350,"Meta path:['GTG'], rank is 8 and total rank is 461"
384,G:HGNC:33437,G:HGNC:4636,"Meta path:['GTG', 'GMDMG'], rank is 4 and total rank is 7125"
385,G:HGNC:19875,G:HGNC:21531,"Meta path:['GTG'], rank is 9 and total rank is 245"
386,G:HGNC:393,G:HGNC:16254,"Meta path:['GTG'], rank is 33 and total rank is 503"
387,G:HGNC:6190,G:HGNC:3387,"Meta path:['GPdPG'], rank is 8 and total rank is 41"
388,G:HGNC:11408,G:HGNC:30045,"Meta path:['GTG', 'GMDMG', 'GMDpDMG'], rank is 21 and total rank is 15490"
389,G:HGNC:9483,G:HGNC:9486,"Meta path:['GTG'], rank is 1 and total rank is 410"
390,G:HGNC:8777,G:HGNC:8784,"Meta path:['GPdPG', 'GTG', 'GMG'], rank is 3 and total rank is 77"
391,G:HGNC:9276,G:HGNC:9318,"Meta path:['GTG'], rank is 123 and total rank is 371"
392,G:HGNC:236,G:HGNC:237,"Meta path:['GTG', 'GMG'], rank is 1 and total rank is 1847"
393,G:HGNC:9278,G:HGNC:19388,"Meta path:['GTG'], rank is 58 and total rank is 451"
394,G:HGNC:9416,G:HGNC:9395,"Meta path:['GTG'], rank is 183 and total rank is 618"
395,G:HGNC:28725,G:HGNC:29228,"Meta path:['GTG'], rank is 1 and total rank is 292"
396,G:HGNC:14451,G:HGNC:9228,"Meta path:['GTG'], rank is 137 and total rank is 320"
397,G:HGNC:13538,G:HGNC:11399,"Meta path:['GPdPG'], rank is 1 and total rank is 27"
398,G:HGNC:23440,G:HGNC:19199,"Meta path:['GTG'], rank is 213 and total rank is 419"
399,G:HGNC:28624,G:HGNC:21163,"Meta path:['GMG'], rank is 149 and total rank is 439"
400,G:HGNC:1474,G:HGNC:25096,"Meta path:['GMDpDMG'], rank is 89 and total rank is 3862"
401,G:HGNC:1908,G:HGNC:29489,"Meta path:['GTG'], rank is 152 and total rank is 436"
402,G:HGNC:11723,G:HGNC:17443,"Meta path:['GTG'], rank is 311 and total rank is 446"
403,G:HGNC:26648,G:HGNC:11825,"Meta path:['GMDMG'], rank is 108 and total rank is 1772"
404,G:HGNC:26465,G:HGNC:1673,"Meta path:['GMDMG'], rank is 710 and total rank is 2445"
405,G:HGNC:37241,G:HGNC:23790,"Meta path:['GMDMG'], rank is 949 and total rank is 2493"
406,G:HGNC:1474,G:HGNC:14432,"Meta path:['GTG'], rank is 239 and total rank is 442"
407,G:HGNC:12033,G:HGNC:4182,"Meta path:['GTG'], rank is 344 and total rank is 521"
408,G:HGNC:31350,G:HGNC:25147,"Meta path:['GMDMG'], rank is 253 and total rank is 2090"
409,G:HGNC:11514,G:HGNC:24035,"Meta path:['GTG'], rank is 177 and total rank is 611"
410,G:HGNC:33028,G:HGNC:26199,"Meta path:['GTG'], rank is 33 and total rank is 278"
411,G:HGNC:34071,G:HGNC:26148,"Meta path:['GMDMG'], rank is 3009 and total rank is 3983"
412,G:HGNC:8568,G:HGNC:27564,"Meta path:['GTG'], rank is 388 and total rank is 519"
413,G:HGNC:17146,G:HGNC:25439,"Meta path:['GMDMG'], rank is 1576 and total rank is 3754"
414,G:HGNC:24011,G:HGNC:20628,"Meta path:['GTG'], rank is 101 and total rank is 461"
415,G:HGNC:9794,G:HGNC:7548,"Meta path:['GTG'], rank is 284 and total rank is 487"
416,G:HGNC:6378,G:HGNC:533,"Meta path:['GTG'], rank is 486 and total rank is 790"
417,G:HGNC:29157,G:HGNC:26185,"Meta path:['GMDMG'], rank is 2028 and total rank is 2966"
418,G:HGNC:22988,G:HGNC:14377,"Meta path:['GMDMG'], rank is 839 and total rank is 2350"
419,G:HGNC:638,G:HGNC:6940,"Meta path:['GTG'], rank is 272 and total rank is 445"
420,G:HGNC:14906,G:HGNC:27849,"Meta path:['GTG'], rank is 132 and total rank is 394"
421,G:HGNC:5000,G:HGNC:9364,"Meta path:['GMDMG'], rank is 3837 and total rank is 4642"
422,G:HGNC:16162,G:HGNC:29898,"Meta path:['GMDMG'], rank is 155 and total rank is 1876"
423,G:HGNC:10411,G:HGNC:10057,"Meta path:['GTG'], rank is 184 and total rank is 456"
424,G:HGNC:25840,G:HGNC:1734,"Meta path:['GTG'], rank is 160 and total rank is 489"
425,G:HGNC:30784,G:HGNC:19894,"Meta path:['GTG'], rank is 133 and total rank is 367"
426,G:HGNC:9824,G:HGNC:2261,"Meta path:['GTG'], rank is 112 and total rank is 402"
427,G:HGNC:10921,G:HGNC:20922,"Meta path:['GTG'], rank is 185 and total rank is 375"
428,G:HGNC:23715,G:HGNC:14073,"Meta path:['GTG'], rank is 174 and total rank is 355"
429,G:HGNC:6473,G:HGNC:24576,"Meta path:['GTG'], rank is 103 and total rank is 484"
430,G:HGNC:18036,G:HGNC:15858,"Meta path:['GMDMG'], rank is 1987 and total rank is 3269"
431,G:HGNC:2891,G:HGNC:5816,"Meta path:['GTG'], rank is 183 and total rank is 486"
432,G:HGNC:25582,G:HGNC:14313,"Meta path:['GTG'], rank is 180 and total rank is 352"
433,G:HGNC:18696,G:HGNC:6757,"Meta path:['GTG'], rank is 120 and total rank is 368"
434,G:HGNC:12947,G:HGNC:29480,"Meta path:['GTG'], rank is 301 and total rank is 461"
435,G:HGNC:26045,G:HGNC:11556,"Meta path:['GTG'], rank is 514 and total rank is 618"
436,G:HGNC:17448,G:HGNC:1050,"Meta path:['GMG'], rank is 220 and total rank is 501"
437,G:HGNC:20321,G:HGNC:1685,"Meta path:['GTG'], rank is 135 and total rank is 358"
438,G:HGNC:8693,G:HGNC:14937,"Meta path:['GMDMG'], rank is 3789 and total rank is 4546"
439,G:HGNC:25171,G:HGNC:10889,"Meta path:['GMDMG'], rank is 2034 and total rank is 3440"
440,G:HGNC:3439,G:HGNC:843,"Meta path:['GMDMG'], rank is 2166 and total rank is 3389"
441,G:HGNC:32006,G:HGNC:28324,"Meta path:['GTG'], rank is 79 and total rank is 312"
442,G:HGNC:4775,G:HGNC:6943,"Meta path:['GTG'], rank is 104 and total rank is 521"
443,G:HGNC:16613,G:HGNC:7830,"Meta path:['GTG'], rank is 48 and total rank is 289"
444,G:HGNC:18858,G:HGNC:23062,"Meta path:['GTG'], rank is 31 and total rank is 223"
445,G:HGNC:5973,G:HGNC:29346,"Meta path:['GMDMG'], rank is 2607 and total rank is 3452"
446,G:HGNC:34386,G:HGNC:26904,"Meta path:['GTG'], rank is 34 and total rank is 246"
447,G:HGNC:30096,G:HGNC:21234,"Meta path:['GTG'], rank is 103 and total rank is 328"
448,G:HGNC:5407,G:HGNC:18824,"Meta path:['GTG'], rank is 200 and total rank is 419"
449,G:HGNC:16234,G:HGNC:29801,"Meta path:['GTG'], rank is 105 and total rank is 536"
450,G:HGNC:6823,G:HGNC:20253,"Meta path:['GMDMG'], rank is 1724 and total rank is 3275"
451,G:HGNC:1875,G:HGNC:18603,"Meta path:['GTG'], rank is 222 and total rank is 406"
452,G:HGNC:23023,G:HGNC:6633,"Meta path:['GMDMG'], rank is 1332 and total rank is 3068"
453,G:HGNC:15646,G:HGNC:6277,"Meta path:['GTG'], rank is 186 and total rank is 473"
454,G:HGNC:24256,G:HGNC:3519,"Meta path:['GTG'], rank is 344 and total rank is 484"
455,G:HGNC:21155,G:HGNC:35241,"Meta path:['GMDMG'], rank is 5152 and total rank is 5692"
456,G:HGNC:15309,G:HGNC:21153,"Meta path:['GTG'], rank is 214 and total rank is 411"
457,G:HGNC:13561,G:HGNC:4756,"Meta path:['GTG'], rank is 134 and total rank is 453"
458,G:HGNC:6152,G:HGNC:8967,"Meta path:['GTG'], rank is 192 and total rank is 467"
459,G:HGNC:1097,G:HGNC:5003,"Meta path:['GMDMG'], rank is 1450 and total rank is 3310"
460,G:HGNC:12482,G:HGNC:24431,"Meta path:['GTG'], rank is 98 and total rank is 354"
461,G:HGNC:17932,G:HGNC:24637,"Meta path:['GTG'], rank is 182 and total rank is 376"
462,G:HGNC:14375,G:HGNC:1170,"Meta path:['GTG'], rank is 262 and total rank is 440"
463,G:HGNC:21675,G:HGNC:20248,"Meta path:['GMDpDMG'], rank is 1724 and total rank is 4253"
464,G:HGNC:13499,G:HGNC:18275,"Meta path:['GTG'], rank is 66 and total rank is 393"
465,G:HGNC:10970,G:HGNC:17146,"Meta path:['GTG'], rank is 264 and total rank is 415"
466,G:HGNC:1074,G:HGNC:29876,"Meta path:['GMDpDMG'], rank is 2841 and total rank is 5503"
467,G:HGNC:40,G:HGNC:5348,"Meta path:['GTG'], rank is 176 and total rank is 458"
468,G:HGNC:21390,G:HGNC:13996,"Meta path:['GMG'], rank is 1 and total rank is 137"
469,G:HGNC:24717,G:HGNC:15500,"Meta path:['GTG'], rank is 118 and total rank is 377"
470,G:HGNC:2469,G:HGNC:5225,"Meta path:['GTG'], rank is 266 and total rank is 545"
471,G:HGNC:25128,G:HGNC:16389,"Meta path:['GTG'], rank is 30 and total rank is 204"
472,G:HGNC:18464,G:HGNC:6922,"Meta path:['GMDMG'], rank is 1718 and total rank is 2499"
473,G:HGNC:21155,G:HGNC:5974,"Meta path:['GTG'], rank is 136 and total rank is 420"
474,G:HGNC:19087,G:HGNC:1982,"Meta path:['GTG'], rank is 309 and total rank is 495"
475,G:HGNC:26371,G:HGNC:33816,"Meta path:['GMG'], rank is 26 and total rank is 264"
476,G:HGNC:18988,G:HGNC:32458,"Meta path:['GTG'], rank is 11 and total rank is 321"
477,G:HGNC:3501,G:HGNC:9070,"Meta path:['GTG'], rank is 252 and total rank is 484"
478,G:HGNC:24856,G:HGNC:34300,"Meta path:['GMG'], rank is 529 and total rank is 1093"
479,G:HGNC:26270,G:HGNC:8244,"Meta path:['GTG'], rank is 50 and total rank is 283"
480,G:HGNC:16850,G:HGNC:3392,"Meta path:['GTG'], rank is 501 and total rank is 569"
481,G:HGNC:13764,G:HGNC:12950,"Meta path:['GTG'], rank is 125 and total rank is 436"
482,G:HGNC:14436,G:HGNC:208,"Meta path:['GTG'], rank is 120 and total rank is 343"
483,G:HGNC:28633,G:HGNC:37155,"Meta path:['GMDMG'], rank is 1965 and total rank is 2626"
484,G:HGNC:29829,G:HGNC:2205,"Meta path:['GMDMG'], rank is 154 and total rank is 2142"
485,G:HGNC:33111,G:HGNC:13579,"Meta path:['GMDpDMG'], rank is 47 and total rank is 2598"
486,G:HGNC:34409,G:HGNC:4772,"Meta path:['GTG'], rank is 107 and total rank is 422"
487,G:HGNC:10249,G:HGNC:14237,"Meta path:['GTG'], rank is 273 and total rank is 424"
488,G:HGNC:20625,G:HGNC:24583,"Meta path:['GTG'], rank is 122 and total rank is 353"
489,G:HGNC:27315,G:HGNC:21207,"Meta path:['GTG'], rank is 11 and total rank is 166"
490,G:HGNC:12947,G:HGNC:30522,"Meta path:['GTG'], rank is 78 and total rank is 414"
491,G:HGNC:17213,G:HGNC:29858,"Meta path:['GTG'], rank is 438 and total rank is 566"
492,G:HGNC:25748,G:HGNC:2742,"Meta path:['GTG'], rank is 177 and total rank is 429"
493,G:HGNC:8351,G:HGNC:5901,"Meta path:['GTG'], rank is 79 and total rank is 279"
494,G:HGNC:24198,G:HGNC:24737,"Meta path:['GTG'], rank is 81 and total rank is 361"
495,G:HGNC:28972,G:HGNC:28359,"Meta path:['GTG'], rank is 109 and total rank is 340"
496,G:HGNC:16955,G:HGNC:14952,"Meta path:['GTG'], rank is 32 and total rank is 227"
497,G:HGNC:21086,G:HGNC:6136,"Meta path:['GTG'], rank is 281 and total rank is 431"
498,G:HGNC:32669,G:HGNC:31589,"Meta path:['GTG'], rank is 209 and total rank is 370"
499,G:HGNC:18519,G:HGNC:21078,"Meta path:['GMDMG'], rank is 2416 and total rank is 3606"
500,G:HGNC:26078,G:HGNC:6879,"Meta path:['GMDMG'], rank is 2539 and total rank is 3371"
501,G:HGNC:16893,G:HGNC:12781,"Meta path:['GMDMG'], rank is 2090 and total rank is 2775"
502,G:HGNC:21549,G:HGNC:7706,"Meta path:['GTG'], rank is 65 and total rank is 279"
503,G:HGNC:32479,G:HGNC:18040,"Meta path:['GTG'], rank is 111 and total rank is 410"
504,G:HGNC:6679,G:HGNC:18344,"Meta path:['GMDMG'], rank is 1788 and total rank is 3367"
505,G:HGNC:29798,G:HGNC:24309,"Meta path:['GTG'], rank is 168 and total rank is 402"
506,G:HGNC:24696,G:HGNC:7172,"Meta path:['GMDMG'], rank is 1638 and total rank is 2714"
507,G:HGNC:11089,G:HGNC:30406,"Meta path:['GTG'], rank is 123 and total rank is 306"
508,G:HGNC:12767,G:HGNC:21016,"Meta path:['GMDMG'], rank is 2620 and total rank is 3925"
509,G:HGNC:15781,G:HGNC:16459,"Meta path:['GMG'], rank is 562 and total rank is 743"
510,G:HGNC:30097,G:HGNC:10830,"Meta path:['GTG'], rank is 301 and total rank is 447"
511,G:HGNC:11219,G:HGNC:23090,"Meta path:['GTG'], rank is 337 and total rank is 539"
512,G:HGNC:28680,G:HGNC:29564,"Meta path:['GTG'], rank is 29 and total rank is 311"
513,G:HGNC:29132,G:HGNC:24858,"Meta path:['GTG'], rank is 197 and total rank is 375"
514,G:HGNC:8030,G:HGNC:3211,"Meta path:['GTG'], rank is 200 and total rank is 403"
515,G:HGNC:14275,G:HGNC:21492,"Meta path:['GMDMG'], rank is 1074 and total rank is 2325"
516,G:HGNC:11714,G:HGNC:23526,"Meta path:['GTG'], rank is 384 and total rank is 544"
517,G:HGNC:13140,G:HGNC:18020,"Meta path:['GMDMG'], rank is 2478 and total rank is 3361"
518,G:HGNC:28467,G:HGNC:30293,"Meta path:['GMDMG'], rank is 2551 and total rank is 3545"
519,G:HGNC:24953,G:HGNC:17899,"Meta path:['GMDMG'], rank is 112 and total rank is 2948"
520,G:HGNC:10750,G:HGNC:20453,"Meta path:['GTG'], rank is 107 and total rank is 322"
521,G:HGNC:26291,G:HGNC:28005,"Meta path:['GTG'], rank is 79 and total rank is 275"
522,G:HGNC:16707,G:HGNC:17297,"Meta path:['GTG'], rank is 341 and total rank is 518"
523,G:HGNC:14929,G:HGNC:28097,"Meta path:['GMDMG'], rank is 4040 and total rank is 5106"
524,G:HGNC:9210,G:HGNC:6036,"Meta path:['GTG'], rank is 73 and total rank is 668"
525,G:HGNC:20761,G:HGNC:866,"Meta path:['GTG'], rank is 143 and total rank is 419"
526,G:HGNC:7732,G:HGNC:7422,"Meta path:['GTG'], rank is 347 and total rank is 504"
527,G:HGNC:25073,G:HGNC:16273,"Meta path:['GMDMG'], rank is 48 and total rank is 3712"
528,G:HGNC:19740,G:HGNC:6697,"Meta path:['GTG'], rank is 239 and total rank is 375"
529,G:HGNC:4857,G:HGNC:26033,"Meta path:['GTG'], rank is 60 and total rank is 360"
530,G:HGNC:14638,G:HGNC:25784,"Meta path:['GTG'], rank is 143 and total rank is 367"
531,G:HGNC:29585,G:HGNC:24200,"Meta path:['GTG'], rank is 1 and total rank is 138"
532,G:HGNC:30025,G:HGNC:20186,"Meta path:['GMDMG'], rank is 1971 and total rank is 2888"
533,G:HGNC:10488,G:HGNC:18068,"Meta path:['GTG'], rank is 285 and total rank is 457"
534,G:HGNC:3563,G:HGNC:9951,"Meta path:['GTG'], rank is 265 and total rank is 400"
535,G:HGNC:7517,G:HGNC:1370,"Meta path:['GTG'], rank is 35 and total rank is 224"
536,G:HGNC:20815,G:HGNC:11614,"Meta path:['GTG'], rank is 200 and total rank is 492"
537,G:HGNC:32023,G:HGNC:32532,"Meta path:['GTG'], rank is 13 and total rank is 153"
538,G:HGNC:773,G:HGNC:31729,"Meta path:['GTG'], rank is 21 and total rank is 177"
539,G:HGNC:6272,G:HGNC:34517,"Meta path:['GTG'], rank is 243 and total rank is 413"
540,G:HGNC:21384,G:HGNC:19745,"Meta path:['GTG'], rank is 18 and total rank is 191"
541,G:HGNC:29522,G:HGNC:15840,"Meta path:['GTG'], rank is 314 and total rank is 490"
542,G:HGNC:16247,G:HGNC:32979,"Meta path:['GMDpDMG'], rank is 431 and total rank is 4173"
543,G:HGNC:26040,G:HGNC:18519,"Meta path:['GMDpDMG'], rank is 1120 and total rank is 4111"
544,G:HGNC:16990,G:HGNC:29529,"Meta path:['GMG'], rank is 1255 and total rank is 1524"
545,G:HGNC:24098,G:HGNC:34311,"Meta path:['GTG'], rank is 163 and total rank is 392"
546,G:HGNC:37233,G:HGNC:11742,"Meta path:['GTG'], rank is 591 and total rank is 692"
547,G:HGNC:18381,G:HGNC:14964,"Meta path:['GTG'], rank is 75 and total rank is 314"
548,G:HGNC:12028,G:HGNC:25826,"Meta path:['GMG'], rank is 712 and total rank is 990"
549,G:HGNC:25571,G:HGNC:25620,"Meta path:['GMDMG'], rank is 3037 and total rank is 3997"
550,G:HGNC:38,G:HGNC:328,"Meta path:['GMG'], rank is 5 and total rank is 206"
551,G:HGNC:29292,G:HGNC:14672,"Meta path:['GMDMG'], rank is 639 and total rank is 2766"
552,G:HGNC:25513,G:HGNC:16469,"Meta path:['GMG'], rank is 1155 and total rank is 1245"
553,G:HGNC:29158,G:HGNC:17623,"Meta path:['GMDMG'], rank is 4 and total rank is 2344"
554,G:HGNC:9075,G:HGNC:12453,"Meta path:['GTG'], rank is 399 and total rank is 529"
555,G:HGNC:37286,G:HGNC:21445,"Meta path:['GMDMG'], rank is 474 and total rank is 2329"
556,G:HGNC:24912,G:HGNC:19164,"Meta path:['GTG'], rank is 67 and total rank is 353"
557,G:HGNC:16804,G:HGNC:25821,"Meta path:['GTG'], rank is 316 and total rank is 580"
558,G:HGNC:25782,G:HGNC:25761,"Meta path:['GTG'], rank is 188 and total rank is 396"
559,G:HGNC:30129,G:HGNC:23846,"Meta path:['GTG'], rank is 184 and total rank is 447"
560,G:HGNC:9768,G:HGNC:3003,"Meta path:['GMG'], rank is 4 and total rank is 205"
561,G:HGNC:29598,G:HGNC:21475,"Meta path:['GTG'], rank is 33 and total rank is 321"
562,G:HGNC:4846,G:HGNC:5112,"Meta path:['GMDMG'], rank is 3195 and total rank is 4305"
563,G:HGNC:35391,G:HGNC:31649,"Meta path:['GTG'], rank is 32 and total rank is 200"
564,G:HGNC:20810,G:HGNC:29797,"Meta path:['GTG'], rank is 205 and total rank is 389"
565,G:HGNC:16692,G:HGNC:682,"Meta path:['GTG'], rank is 502 and total rank is 569"
566,G:HGNC:5998,G:HGNC:16643,"Meta path:['GTG'], rank is 171 and total rank is 368"
567,G:HGNC:17897,G:HGNC:15487,"Meta path:['GMDpDMG'], rank is 838 and total rank is 4045"
568,G:HGNC:28598,G:HGNC:2475,"Meta path:['GTG'], rank is 216 and total rank is 488"
569,G:HGNC:33206,G:HGNC:5716,"Meta path:['GTG'], rank is 216 and total rank is 388"
570,G:HGNC:14479,G:HGNC:1471,"Meta path:['GMDMG'], rank is 618 and total rank is 2865"
571,G:HGNC:15898,G:HGNC:25522,"Meta path:['GTG'], rank is 143 and total rank is 428"
572,G:HGNC:28336,G:HGNC:6990,"Meta path:['GTG'], rank is 430 and total rank is 624"
573,G:HGNC:11304,G:HGNC:33112,"Meta path:['GMDMG'], rank is 625 and total rank is 3091"
574,G:HGNC:14522,G:HGNC:27260,"Meta path:['GMDMG'], rank is 2337 and total rank is 2981"
575,G:HGNC:6460,G:HGNC:12731,"Meta path:['GTG'], rank is 193 and total rank is 514"
576,G:HGNC:19899,G:HGNC:18071,"Meta path:['GTG'], rank is 199 and total rank is 433"
577,G:HGNC:11929,G:HGNC:7321,"Meta path:['GMDMG'], rank is 453 and total rank is 1887"
578,G:HGNC:26351,G:HGNC:25864,"Meta path:['GTG'], rank is 29 and total rank is 255"
579,G:HGNC:9606,G:HGNC:25507,"Meta path:['GTG'], rank is 324 and total rank is 436"
580,G:HGNC:5293,G:HGNC:31972,"Meta path:['GTG'], rank is 402 and total rank is 508"
581,G:HGNC:25356,G:HGNC:26267,"Meta path:['GDpDpDG'], rank is 2455 and total rank is 5735"
582,G:HGNC:29353,G:HGNC:8104,"Meta path:['GMG'], rank is 409 and total rank is 714"
583,G:HGNC:5343,G:HGNC:5301,"Meta path:['GTG'], rank is 209 and total rank is 406"
584,G:HGNC:6187,G:HGNC:13606,"Meta path:['GTG'], rank is 201 and total rank is 402"
585,G:HGNC:22209,G:HGNC:16,"Meta path:['GMDMG'], rank is 821 and total rank is 2512"
586,G:HGNC:8568,G:HGNC:11034,"Meta path:['GTG'], rank is 432 and total rank is 540"
587,G:HGNC:6692,G:HGNC:28038,"Meta path:['GTG'], rank is 482 and total rank is 658"
588,G:HGNC:20173,G:HGNC:27717,"Meta path:['GTG'], rank is 104 and total rank is 399"
589,G:HGNC:11173,G:HGNC:30941,"Meta path:['GTG'], rank is 459 and total rank is 567"
590,G:HGNC:9988,G:HGNC:17333,"Meta path:['GTG'], rank is 77 and total rank is 316"
591,G:HGNC:15909,G:HGNC:9245,"Meta path:['GTG'], rank is 117 and total rank is 345"
592,G:HGNC:28255,G:HGNC:17590,"Meta path:['GMDMG'], rank is 2426 and total rank is 3506"
593,G:HGNC:34308,G:HGNC:26775,"Meta path:['GTG'], rank is 104 and total rank is 357"
594,G:HGNC:11404,G:HGNC:3231,"Meta path:['GTG'], rank is 359 and total rank is 501"
595,G:HGNC:9467,G:HGNC:17941,"Meta path:['GTG'], rank is 86 and total rank is 300"
596,G:HGNC:4932,G:HGNC:2230,"Meta path:['GTG'], rank is 213 and total rank is 468"
597,G:HGNC:26167,G:HGNC:8727,"Meta path:['GMDMG'], rank is 1363 and total rank is 2575"
598,G:HGNC:612,G:HGNC:16988,"Meta path:['GTG'], rank is 205 and total rank is 469"
599,G:HGNC:14034,G:HGNC:16387,"Meta path:['GMDpDMG'], rank is 218 and total rank is 3897"
600,G:HGNC:1631,G:HGNC:5301,"Meta path:['GTG'], rank is 65 and total rank is 401"
601,G:HGNC:23383,G:HGNC:28977,"Meta path:['GTG'], rank is 334 and total rank is 487"
602,G:HGNC:7007,G:HGNC:25428,"Meta path:['GMG'], rank is 306 and total rank is 561"
603,G:HGNC:20606,G:HGNC:16475,"Meta path:['GTG'], rank is 127 and total rank is 316"
604,G:HGNC:25137,G:HGNC:971,"Meta path:['GMDMG'], rank is 71 and total rank is 1692"
605,G:HGNC:29929,G:HGNC:1786,"Meta path:['GTG'], rank is 284 and total rank is 516"
606,G:HGNC:15897,G:HGNC:15136,"Meta path:['GTG'], rank is 60 and total rank is 240"
607,G:HGNC:23244,G:HGNC:45,"Meta path:['GTG'], rank is 315 and total rank is 560"
608,G:HGNC:6332,G:HGNC:13388,"Meta path:['GTG'], rank is 187 and total rank is 387"
609,G:HGNC:372,G:HGNC:18278,"Meta path:['GMG'], rank is 879 and total rank is 985"
610,G:HGNC:4730,G:HGNC:11022,"Meta path:['GTG'], rank is 122 and total rank is 345"
611,G:HGNC:18054,G:HGNC:25883,"Meta path:['GTG'], rank is 258 and total rank is 428"
612,G:HGNC:21076,G:HGNC:5996,"Meta path:['GTG'], rank is 140 and total rank is 434"
613,G:HGNC:26038,G:HGNC:25002,"Meta path:['GMDpDMG'], rank is 2204 and total rank is 5435"
614,G:HGNC:19616,G:HGNC:1696,"Meta path:['GTG'], rank is 92 and total rank is 321"
615,G:HGNC:18015,G:HGNC:16380,"Meta path:['GMG'], rank is 386 and total rank is 666"
616,G:HGNC:12556,G:HGNC:34004,"Meta path:['GMG'], rank is 34 and total rank is 426"
617,G:HGNC:1585,G:HGNC:37265,"Meta path:['GTG'], rank is 296 and total rank is 470"
618,G:HGNC:4243,G:HGNC:668,"Meta path:['GTG'], rank is 394 and total rank is 587"
619,G:HGNC:2244,G:HGNC:28816,"Meta path:['GTG'], rank is 86 and total rank is 292"
620,G:HGNC:2981,G:HGNC:12463,"Meta path:['GMDMG', 'GMDpDMG'], rank is 233 and total rank is 12872"
621,G:HGNC:28672,G:HGNC:25467,"Meta path:['GTG'], rank is 111 and total rank is 344"
622,G:HGNC:28843,G:HGNC:44450,"Meta path:['GTG'], rank is 88 and total rank is 330"
623,G:HGNC:4235,G:HGNC:864,"Meta path:['GTG'], rank is 113 and total rank is 400"
624,G:HGNC:6008,G:HGNC:28529,"Meta path:['GTG'], rank is 253 and total rank is 406"
625,G:HGNC:9957,G:HGNC:8850,"Meta path:['GTG'], rank is 432 and total rank is 522"
626,G:HGNC:33724,G:HGNC:23088,"Meta path:['GTG'], rank is 66 and total rank is 254"
627,G:HGNC:4019,G:HGNC:492,"Meta path:['GTG'], rank is 254 and total rank is 462"
628,G:HGNC:14995,G:HGNC:1395,"Meta path:['GTG'], rank is 124 and total rank is 390"
629,G:HGNC:18127,G:HGNC:25031,"Meta path:['GMG'], rank is 2 and total rank is 225"
630,G:HGNC:15984,G:HGNC:15807,"Meta path:['GTG'], rank is 150 and total rank is 539"
631,G:HGNC:2563,G:HGNC:18173,"Meta path:['GTG'], rank is 316 and total rank is 450"
632,G:HGNC:13539,G:HGNC:24150,"Meta path:['GMG'], rank is 1168 and total rank is 1262"
633,G:HGNC:32387,G:HGNC:28593,"Meta path:['GMG'], rank is 1507 and total rank is 1584"
634,G:HGNC:35,G:HGNC:37229,"Meta path:['GMG'], rank is 1 and total rank is 137"
635,G:HGNC:24101,G:HGNC:843,"Meta path:['GMDMG'], rank is 382 and total rank is 3411"
636,G:HGNC:30347,G:HGNC:25786,"Meta path:['GMDMG'], rank is 2798 and total rank is 3814"
637,G:HGNC:7111,G:HGNC:24415,"Meta path:['GMDMG'], rank is 4313 and total rank is 4826"
638,G:HGNC:15846,G:HGNC:10371,"Meta path:['GTG'], rank is 212 and total rank is 525"
639,G:HGNC:28292,G:HGNC:1941,"Meta path:['GTG'], rank is 108 and total rank is 411"
640,G:HGNC:5996,G:HGNC:20811,"Meta path:['GTG'], rank is 291 and total rank is 461"
641,G:HGNC:29167,G:HGNC:30384,"Meta path:['GTG'], rank is 36 and total rank is 283"
642,G:HGNC:2557,G:HGNC:10348,"Meta path:['GTG'], rank is 169 and total rank is 450"
643,G:HGNC:34294,G:HGNC:11301,"Meta path:['GTG'], rank is 248 and total rank is 450"
644,G:HGNC:11071,G:HGNC:10824,"Meta path:['GTG'], rank is 419 and total rank is 635"
645,G:HGNC:37157,G:HGNC:24537,"Meta path:['GTG'], rank is 351 and total rank is 492"
646,G:HGNC:20596,G:HGNC:18309,"Meta path:['GMDMG'], rank is 742 and total rank is 2561"
647,G:HGNC:697,G:HGNC:1008,"Meta path:['GTG'], rank is 195 and total rank is 382"
648,G:HGNC:28301,G:HGNC:2536,"Meta path:['GTG'], rank is 157 and total rank is 370"
649,G:HGNC:2664,G:HGNC:31859,"Meta path:['GMDMG'], rank is 1878 and total rank is 2797"
650,G:HGNC:4913,G:HGNC:990,"Meta path:['GTG'], rank is 316 and total rank is 947"
651,G:HGNC:15508,G:HGNC:16264,"Meta path:['GTG'], rank is 58 and total rank is 373"
652,G:HGNC:21624,G:HGNC:18066,"Meta path:['GMG'], rank is 2 and total rank is 165"
653,G:HGNC:9408,G:HGNC:23925,"Meta path:['GTG'], rank is 77 and total rank is 391"
654,G:HGNC:30832,G:HGNC:16137,"Meta path:['GMDpDMG'], rank is 413 and total rank is 4596"
655,G:HGNC:21014,G:HGNC:25440,"Meta path:['GTG'], rank is 95 and total rank is 384"
656,G:HGNC:15847,G:HGNC:14446,"Meta path:['GTG'], rank is 97 and total rank is 399"
657,G:HGNC:16816,G:HGNC:5227,"Meta path:['GTG'], rank is 196 and total rank is 450"
658,G:HGNC:29856,G:HGNC:13276,"Meta path:['GMDpDMG'], rank is 1223 and total rank is 4217"
659,G:HGNC:17621,G:HGNC:7393,"Meta path:['GTG'], rank is 28 and total rank is 420"
660,G:HGNC:20696,G:HGNC:25284,"Meta path:['GMDMG'], rank is 1 and total rank is 1461"
661,G:HGNC:26439,G:HGNC:15943,"Meta path:['GTG'], rank is 256 and total rank is 415"
662,G:HGNC:14455,G:HGNC:20507,"Meta path:['GTG'], rank is 8 and total rank is 272"
663,G:HGNC:29789,G:HGNC:4075,"Meta path:['GTG'], rank is 304 and total rank is 429"
664,G:HGNC:3954,G:HGNC:28458,"Meta path:['GTG'], rank is 33 and total rank is 292"
665,G:HGNC:17357,G:HGNC:13431,"Meta path:['GTG'], rank is 155 and total rank is 479"
666,G:HGNC:6206,G:HGNC:171,"Meta path:['GMG'], rank is 314 and total rank is 655"
667,G:HGNC:19042,G:HGNC:25106,"Meta path:['GMG'], rank is 1338 and total rank is 1420"
668,G:HGNC:26076,G:HGNC:24073,"Meta path:['GMDMG'], rank is 1484 and total rank is 2299"
669,G:HGNC:17916,G:HGNC:20846,"Meta path:['GTG'], rank is 186 and total rank is 366"
670,G:HGNC:15468,G:HGNC:3762,"Meta path:['GTG'], rank is 366 and total rank is 485"
671,G:HGNC:2211,G:HGNC:40,"Meta path:['GTG'], rank is 244 and total rank is 487"
672,G:HGNC:33480,G:HGNC:4273,"Meta path:['GMDMG'], rank is 3528 and total rank is 4113"
673,G:HGNC:28409,G:HGNC:27321,"Meta path:['GTG'], rank is 69 and total rank is 280"
674,G:HGNC:390,G:HGNC:10697,"Meta path:['GTG'], rank is 114 and total rank is 486"
675,G:HGNC:9508,G:HGNC:29171,"Meta path:['GTG'], rank is 665 and total rank is 714"
676,G:HGNC:28321,G:HGNC:2201,"Meta path:['GMG'], rank is 29 and total rank is 330"
677,G:HGNC:4913,G:HGNC:6336,"Meta path:['GTG'], rank is 437 and total rank is 538"
678,G:HGNC:20994,G:HGNC:18760,"Meta path:['GMDMG'], rank is 2001 and total rank is 2641"
679,G:HGNC:25052,G:HGNC:15470,"Meta path:['GTG'], rank is 93 and total rank is 336"
680,G:HGNC:44,G:HGNC:29547,"Meta path:['GTG'], rank is 247 and total rank is 411"
681,G:HGNC:6906,G:HGNC:26868,"Meta path:['GTG'], rank is 130 and total rank is 364"
682,G:HGNC:2458,G:HGNC:20260,"Meta path:['GTG'], rank is 233 and total rank is 461"
683,G:HGNC:3670,G:HGNC:28594,"Meta path:['GTG'], rank is 366 and total rank is 500"
684,G:HGNC:11534,G:HGNC:27295,"Meta path:['GTG'], rank is 154 and total rank is 375"
685,G:HGNC:29786,G:HGNC:6888,"Meta path:['GMDMG'], rank is 2528 and total rank is 3616"
686,G:HGNC:19579,G:HGNC:6373,"Meta path:['GTG'], rank is 38 and total rank is 300"
687,G:HGNC:20418,G:HGNC:12739,"Meta path:['GTG'], rank is 76 and total rank is 442"
688,G:HGNC:20951,G:HGNC:18713,"Meta path:['GMG'], rank is 791 and total rank is 960"
689,G:HGNC:32166,G:HGNC:12925,"Meta path:['GTG'], rank is 20 and total rank is 357"
690,G:HGNC:33093,G:HGNC:33032,"Meta path:['GTG'], rank is 1 and total rank is 92"
691,G:HGNC:25649,G:HGNC:25907,"Meta path:['GTG'], rank is 125 and total rank is 436"
692,G:HGNC:12719,G:HGNC:25524,"Meta path:['GTG'], rank is 142 and total rank is 483"
693,G:HGNC:11357,G:HGNC:30829,"Meta path:['GTG'], rank is 230 and total rank is 397"
694,G:HGNC:26440,G:HGNC:24318,"Meta path:['GTG'], rank is 7 and total rank is 117"
695,G:HGNC:23647,G:HGNC:23090,"Meta path:['GTG'], rank is 80 and total rank is 392"
696,G:HGNC:20647,G:HGNC:7871,"Meta path:['GTG'], rank is 80 and total rank is 540"
697,G:HGNC:29646,G:HGNC:25355,"Meta path:['GTG'], rank is 25 and total rank is 352"
698,G:HGNC:30064,G:HGNC:10289,"Meta path:['GTG'], rank is 289 and total rank is 533"
699,G:HGNC:25110,G:HGNC:9485,"Meta path:['GTG'], rank is 55 and total rank is 391"
700,G:HGNC:28994,G:HGNC:9766,"Meta path:['GMG'], rank is 1354 and total rank is 1421"
701,G:HGNC:27797,G:HGNC:13114,"Meta path:['GMDMG'], rank is 2631 and total rank is 3553"
702,G:HGNC:11585,G:HGNC:30712,"Meta path:['GMDMG'], rank is 2646 and total rank is 3389"
703,G:HGNC:20995,G:HGNC:24577,"Meta path:['GTG'], rank is 152 and total rank is 386"
704,G:HGNC:5975,G:HGNC:21718,"Meta path:['GTG'], rank is 106 and total rank is 341"
705,G:HGNC:10883,G:HGNC:28461,"Meta path:['GTG'], rank is 58 and total rank is 462"
706,G:HGNC:1070,G:HGNC:24540,"Meta path:['GMG'], rank is 967 and total rank is 1205"
707,G:HGNC:30497,G:HGNC:18672,"Meta path:['GTG'], rank is 168 and total rank is 549"
708,G:HGNC:5318,G:HGNC:20607,"Meta path:['GTG'], rank is 321 and total rank is 482"
709,G:HGNC:17847,G:HGNC:25471,"Meta path:['GTG'], rank is 193 and total rank is 520"
710,G:HGNC:28837,G:HGNC:33717,"Meta path:['GTG'], rank is 43 and total rank is 288"
711,G:HGNC:23518,G:HGNC:16160,"Meta path:['GTG'], rank is 69 and total rank is 394"
712,G:HGNC:23096,G:HGNC:15801,"Meta path:['GTG'], rank is 56 and total rank is 297"
713,G:HGNC:20625,G:HGNC:17074,"Meta path:['GTG'], rank is 76 and total rank is 424"
714,G:HGNC:2928,G:HGNC:31046,"Meta path:['GTG'], rank is 296 and total rank is 431"
715,G:HGNC:31042,G:HGNC:5409,"Meta path:['GMDMG'], rank is 2082 and total rank is 3663"
716,G:HGNC:7400,G:HGNC:23181,"Meta path:['GTG'], rank is 152 and total rank is 372"
717,G:HGNC:601,G:HGNC:10992,"Meta path:['GTG'], rank is 369 and total rank is 562"
718,G:HGNC:21073,G:HGNC:13262,"Meta path:['GTG'], rank is 123 and total rank is 372"
719,G:HGNC:338,G:HGNC:21347,"Meta path:['GMG'], rank is 756 and total rank is 926"
720,G:HGNC:29,G:HGNC:26801,"Meta path:['GTG'], rank is 398 and total rank is 507"
721,G:HGNC:18572,G:HGNC:23046,"Meta path:['GMDpDMG'], rank is 171 and total rank is 3848"
722,G:HGNC:24869,G:HGNC:1366,"Meta path:['GTG'], rank is 203 and total rank is 392"
723,G:HGNC:8769,G:HGNC:19750,"Meta path:['GMDMG'], rank is 1368 and total rank is 2454"
724,G:HGNC:19184,G:HGNC:15878,"Meta path:['GTG'], rank is 94 and total rank is 326"
725,G:HGNC:25907,G:HGNC:9847,"Meta path:['GTG'], rank is 92 and total rank is 438"
726,G:HGNC:14347,G:HGNC:13030,"Meta path:['GTG'], rank is 237 and total rank is 566"
727,G:HGNC:18250,G:HGNC:9954,"Meta path:['GTG'], rank is 266 and total rank is 547"
728,G:HGNC:11304,G:HGNC:18424,"Meta path:['GTG'], rank is 177 and total rank is 449"
729,G:HGNC:11292,G:HGNC:24497,"Meta path:['GTG'], rank is 350 and total rank is 468"
730,G:HGNC:26517,G:HGNC:11928,"Meta path:['GMDMG'], rank is 784 and total rank is 2225"
731,G:HGNC:17586,G:HGNC:2289,"Meta path:['GTG'], rank is 46 and total rank is 281"
732,G:HGNC:2367,G:HGNC:9583,"Meta path:['GTG'], rank is 297 and total rank is 443"
733,G:HGNC:15480,G:HGNC:15833,"Meta path:['GTG'], rank is 78 and total rank is 300"
734,G:HGNC:31993,G:HGNC:6720,"Meta path:['GTG'], rank is 442 and total rank is 541"
735,G:HGNC:2714,G:HGNC:10372,"Meta path:['GTG'], rank is 137 and total rank is 388"
736,G:HGNC:6694,G:HGNC:20442,"Meta path:['GMDMG'], rank is 2071 and total rank is 2979"
737,G:HGNC:1949,G:HGNC:2255,"Meta path:['GTG'], rank is 72 and total rank is 281"
738,G:HGNC:15989,G:HGNC:28520,"Meta path:['GMG'], rank is 837 and total rank is 1314"
739,G:HGNC:545,G:HGNC:11212,"Meta path:['GTG'], rank is 328 and total rank is 473"
740,G:HGNC:26117,G:HGNC:25928,"Meta path:['GMG'], rank is 1023 and total rank is 1492"
741,G:HGNC:5144,G:HGNC:26809,"Meta path:['GTG'], rank is 88 and total rank is 366"
742,G:HGNC:7641,G:HGNC:21640,"Meta path:['GTG'], rank is 304 and total rank is 456"
743,G:HGNC:21716,G:HGNC:20311,"Meta path:['GTG'], rank is 238 and total rank is 411"
744,G:HGNC:4920,G:HGNC:6267,"Meta path:['GTG'], rank is 276 and total rank is 494"
745,G:HGNC:20664,G:HGNC:14002,"Meta path:['GMG'], rank is 19 and total rank is 252"
746,G:HGNC:21101,G:HGNC:25091,"Meta path:['GTG'], rank is 46 and total rank is 292"
747,G:HGNC:1914,G:HGNC:1630,"Meta path:['GTG'], rank is 168 and total rank is 410"
748,G:HGNC:16917,G:HGNC:21870,"Meta path:['GMG'], rank is 72 and total rank is 403"
749,G:HGNC:9502,G:HGNC:19880,"Meta path:['GTG'], rank is 374 and total rank is 489"
750,G:HGNC:705,G:HGNC:4715,"Meta path:['GTG'], rank is 195 and total rank is 449"
751,G:HGNC:1673,G:HGNC:28214,"Meta path:['GTG'], rank is 200 and total rank is 391"
752,G:HGNC:7745,G:HGNC:20293,"Meta path:['GMDMG'], rank is 1942 and total rank is 2602"
753,G:HGNC:304,G:HGNC:17290,"Meta path:['GMDMG'], rank is 2669 and total rank is 3369"
754,G:HGNC:9910,G:HGNC:10997,"Meta path:['GTG'], rank is 395 and total rank is 507"
755,G:HGNC:29462,G:HGNC:30521,"Meta path:['GTG'], rank is 147 and total rank is 334"
756,G:HGNC:30705,G:HGNC:15519,"Meta path:['GTG'], rank is 175 and total rank is 398"
757,G:HGNC:15624,G:HGNC:6612,"Meta path:['GTG'], rank is 378 and total rank is 518"
758,G:HGNC:11195,G:HGNC:11929,"Meta path:['GTG'], rank is 540 and total rank is 705"
759,G:HGNC:11404,G:HGNC:17205,"Meta path:['GTG'], rank is 217 and total rank is 498"
760,G:HGNC:16278,G:HGNC:20260,"Meta path:['GTG'], rank is 67 and total rank is 323"
761,G:HGNC:11835,G:HGNC:11993,"Meta path:['GTG'], rank is 70 and total rank is 295"
762,G:HGNC:26763,G:HGNC:864,"Meta path:['GTG'], rank is 99 and total rank is 373"
763,G:HGNC:12557,G:HGNC:9459,"Meta path:['GMG'], rank is 191 and total rank is 492"
764,G:HGNC:17304,G:HGNC:19274,"Meta path:['GTG'], rank is 158 and total rank is 396"
765,G:HGNC:7778,G:HGNC:26056,"Meta path:['GTG'], rank is 275 and total rank is 545"
766,G:HGNC:31575,G:HGNC:25394,"Meta path:['GTG'], rank is 138 and total rank is 322"
767,G:HGNC:30511,G:HGNC:33778,"Meta path:['GTG'], rank is 56 and total rank is 248"
768,G:HGNC:17648,G:HGNC:48649,"Meta path:['GTG'], rank is 49 and total rank is 206"
769,G:HGNC:28420,G:HGNC:34390,"Meta path:['GMDMG'], rank is 1097 and total rank is 2503"
770,G:HGNC:14809,G:HGNC:7695,"Meta path:['GTG'], rank is 82 and total rank is 259"
771,G:HGNC:17907,G:HGNC:29527,"Meta path:['GMDMG'], rank is 1891 and total rank is 3416"
772,G:HGNC:21329,G:HGNC:16909,"Meta path:['GTG'], rank is 376 and total rank is 493"
773,G:HGNC:25896,G:HGNC:19721,"Meta path:['GTG'], rank is 160 and total rank is 433"
774,G:HGNC:13954,G:HGNC:17866,"Meta path:['GMDMG'], rank is 3349 and total rank is 3889"
775,G:HGNC:23434,G:HGNC:29002,"Meta path:['GTG'], rank is 234 and total rank is 421"
776,G:HGNC:18352,G:HGNC:32249,"Meta path:['GMG'], rank is 762 and total rank is 930"
777,G:HGNC:13054,G:HGNC:26036,"Meta path:['GTG'], rank is 96 and total rank is 360"
778,G:HGNC:9813,G:HGNC:37164,"Meta path:['GMG'], rank is 645 and total rank is 892"
779,G:HGNC:20356,G:HGNC:10783,"Meta path:['GTG'], rank is 182 and total rank is 493"
780,G:HGNC:30163,G:HGNC:20878,"Meta path:['GMDpDMG'], rank is 81 and total rank is 4294"
781,G:HGNC:6823,G:HGNC:11134,"Meta path:['GMDMG'], rank is 1827 and total rank is 3331"
782,G:HGNC:1590,G:HGNC:16747,"Meta path:['GTG'], rank is 203 and total rank is 516"
783,G:HGNC:10306,G:HGNC:17509,"Meta path:['GTG'], rank is 193 and total rank is 423"
784,G:HGNC:28870,G:HGNC:12508,"Meta path:['GTG'], rank is 246 and total rank is 483"
785,G:HGNC:17735,G:HGNC:28456,"Meta path:['GTG'], rank is 76 and total rank is 314"
786,G:HGNC:27258,G:HGNC:16685,"Meta path:['GMDMG'], rank is 346 and total rank is 2036"
787,G:HGNC:4566,G:HGNC:32773,"Meta path:['GTG'], rank is 512 and total rank is 574"
788,G:HGNC:1910,G:HGNC:4425,"Meta path:['GTG'], rank is 194 and total rank is 441"
789,G:HGNC:654,G:HGNC:32046,"Meta path:['GTG'], rank is 148 and total rank is 372"
790,G:HGNC:20704,G:HGNC:28636,"Meta path:['GTG'], rank is 68 and total rank is 391"
791,G:HGNC:17886,G:HGNC:20152,"Meta path:['GTG'], rank is 87 and total rank is 338"
